Question ID,Question,Answer
AST1,What is the Chandrasekhar limit and its significance in astrophysics?,"The Chandrasekhar limit is the maximum mass that a stable white dwarf star can have, which is approximately 1.4 times the mass of the sun. Exceeding this limit would lead the star to collapse into a neutron star or black hole, marking a critical point in the life cycle of stars."
AST2,How do white dwarf stars contribute to our understanding of stellar evolution?,"White dwarf stars represent the final evolutionary stages of medium-mass stars, providing key insights into stellar dynamics, electron degeneracy pressure, and thermal energy processes in star cores."
AST3,What experimental techniques are used to observe and study black holes?,"Techniques include the observation of gravitational effects on nearby objects, accretion disk emissions, and gravitational wave detection from black hole mergers, providing direct and indirect evidence of their existence."
AST4,What role did Arthur Eddington play in validating General Relativity through astronomical observations?,"Eddington confirmed Einstein's General Relativity by observing the bending of starlight around the sun during the 1919 solar eclipse, providing crucial empirical support."
AST5,How has the concept of degenerate matter advanced our knowledge of compact objects like neutron stars?,"Degenerate matter, where particle exclusion principles dominate gravitational forces, explains the structural integrity of neutron stars and white dwarfs, crucial for understanding extreme physical conditions."
AST6,What are the implications of Eddington's opposition to Chandrasekhar's theories on stellar evolution?,"Eddington's initial resistance to Chandrasekhar's limit reflects scientific challenges in accepting new theories that predict extreme outcomes like black holes, demonstrating the evolving nature of scientific consensus."
AST7,"What experimental advances have allowed for the direct observation of gravitational waves, and what do they signify for astrophysics?","The LIGO and Virgo observatories have directly observed gravitational waves, confirming predictions of General Relativity and opening new avenues for observing cosmic events invisible through traditional electromagnetic means."
AST8,How does the discovery of black holes challenge our understanding of physics under extreme conditions?,"Black holes challenge existing physics by presenting conditions where gravitational forces cause spacetime singularities and quantum effects are expected to dominate, pushing the boundaries of modern physics."
AST9,What are the contemporary challenges in theoretical physics suggested by the study of cosmological phenomena?,"Contemporary challenges include unifying general relativity and quantum mechanics, explaining dark matter and dark energy, and resolving singularities predicted by current theories."
AST10,What future technologies are anticipated to advance our exploration of cosmological phenomena?,"Future technologies may include more sensitive gravitational wave detectors, advanced telescopes for deep-space observation, and quantum sensors for precise measurements of cosmic phenomena."
