Question ID,Question,Answer
COS1,What is the goal of studying astrophysics and cosmology?,"To introduce experimental particle physicists to recent developments in these fields, focusing on theories like the Big Bang and inflationary cosmology."
COS2,What supports the Big Bang theory?,"Observational supports include the universe's expansion, the abundance of light elements, and the cosmic microwave background."
COS3,Why is inflationary cosmology important?,It explains the origin of the universe's global structure and the spectrum of density perturbations.
COS4,What marks the precision era in cosmology?,This era is defined by highly accurate measurements of cosmological parameters.
COS5,What does the cosmic microwave background indicate?,It supports the Big Bang theory by showing evidence of the universe's hot and dense early state.
COS6,What are current challenges in cosmology?,These include improving precision in measurements and integrating new observational data.
COS7,What recent developments have occurred in cosmology?,New experiments have provided crucial information about the universe's origin and evolution.
COS8,What does the observational revolution in cosmology entail?,"It involves precise measurements from various experiments, leading to high accuracy in observations."
COS9,What theoretical models explain cosmological observations?,Models like the Big Bang theory and inflationary paradigm are fundamental.
COS10,What does the future hold for cosmology?,Further developments and measurements will refine the standard cosmological model.
