Question ID,Question,Answer
MAM1,How does Mamba achieve computational efficiency without specialized hardware optimizations?,"Mamba achieves computational efficiency through selective state space models that adjust parameters dynamically based on output, allowing it to operate effectively on standard GPU configurations without the need for specialized hardware optimizations."
MAM2,What innovations does Mamba introduce to manage long sequence data processing?,"Mamba utilizes structured state space models traditionally used in image processing, adapted to sequence data to manage long sequences more efficiently than traditional Transformers, which struggle with linear scaling issues."
MAM3,How does the selective state space model in Mamba differ from traditional attention mechanisms in handling sequence data?,"The selective state space model in Mamba dynamically adjusts its parameters based on output rather than relying on traditional attention mechanisms, providing a more efficient processing of sequence data by focusing computational resources selectively."
MAM4,What are the limitations of Mamba’s approach to sequence modeling?,"The limitations of Mamba’s approach include its untested performance on very long sequences and more complex datasets, as its efficiency has primarily been demonstrated with short text snippets and video processing tasks."
MAM5,How does Mamba’s architecture simplify the integration of RNN-like and CNN-like layers?,"Mamba simplifies neural network architecture by merging RNN-like and CNN-like layers into a unified structure that reduces complexity and dependency on traditional attention mechanisms, reintroducing MLP blocks for effective natural language processing."
MAM6,What potential challenges might restrict the open-sourcing and wider adoption of Mamba?,"Challenges that might restrict the open-sourcing and wider adoption of Mamba include potential licensing restrictions and limited modification capabilities, which could hinder its adoption and further development within the AI community."
MAM7,In what ways does Mamba's performance evaluation suggest areas for future research and development?,Mamba’s performance evaluation suggests that future research should focus on extending its application to longer and more complex datasets and exploring broader hardware optimization to fully realize its scalability and efficiency benefits.
MAM8,What role does dynamic parameter adjustment play in Mamba’s selective state space models?,"Dynamic parameter adjustment in Mamba’s selective state space models allows the system to optimize real-time processing capabilities by adjusting computational focus based on the output, which is a shift from traditional input-dependent parameter adjustments."
MAM9,How does Mamba address the inefficiencies of Transformers in moderate to long sequence processing?,"Mamba addresses the inefficiencies of Transformers by employing structured state space models that scale linearly with sequence length, reducing the computational burden associated with the quadratic scaling of traditional Transformers."
MAM10,What implications does the design of Mamba have for its applicability across different data modalities?,"The design of Mamba, particularly its simplified architecture and selective focus mechanism, implies that while it is suitable for tasks like video processing and short text snippets, its applicability and effectiveness in handling more diverse and complex data modalities remain to be fully explored."
