Question ID,Question,Answer
MGN1,What materials are typically used to construct quantum transducers in hybrid quantum systems?,Silicon carbide and ferromagnetic materials like permalloy are commonly used due to their compatibility with wafer-scale processes and ability to facilitate effective quantum interactions.
MGN2,How do magnon nonlinearities enhance quantum transduction?,"Magnon nonlinearities enhance quantum transduction by enabling more dynamic and tunable interactions with quantum bits, particularly through mechanisms like three-wave mixing which allow for efficient frequency conversion."
MGN3,What techniques are used to minimize the microwave footprint in quantum computing transducers?,"Highly confined magnon stray fields are used to drive spin qubits, minimizing the microwave footprint by localizing energy transfer to the immediate vicinity of the quantum bits."
MGN4,Why is silicon carbide favored in some quantum computing applications?,"Silicon carbide is favored because it can host quantum defects such as silicon vacancies that maintain long coherence times at room temperature, making it suitable for practical quantum computing applications."
MGN5,What experimental methods are crucial for validating the functionality of quantum transducers?,"Optically Detected Magnetic Resonance (ODMR) is crucial for validating quantum transducers as it allows for precise control and measurement of spin states, particularly in systems driven by magnon interactions."
MGN6,What is the importance of frequency tuning in quantum transducers using magnon interactions?,"Frequency tuning is critical in systems utilizing magnon interactions to ensure that microwave driving frequencies can be precisely adjusted to resonate with quantum bits, enabling efficient energy transfer and control."
MGN7,What innovative approach does parametric magnonics introduce in quantum transducers?,"Parametric magnonics introduces innovative approaches for indirectly coupling microwave photons to spin qubits, which increases transduction efficiency and provides a method to shield quantum bits from resonant noise."
MGN8,How does introducing nonlinear magnonics impact quantum computing systems?,"Introducing nonlinear magnonics impacts quantum computing systems by enabling enhanced control over the interaction between different quantum components, facilitating more precise and flexible quantum operations."
MGN9,What future applications could benefit from magnon nonlinearities in quantum systems?,Future applications could include enhanced quantum networks and more sophisticated quantum information processing where magnon nonlinearities provide advanced control and manipulation of quantum interactions.
MGN10,How does recent research in quantum magnonics influence the design of quantum interfaces?,"Recent research in quantum magnonics influences the design of quantum interfaces by providing new methods for magnon-based quantum transduction, improving the coupling efficiency between quantum bits and aiding in the overall enhancement of quantum system functionalities."
