Question ID,Question,Answer
QMP1,What is the significance of quantum mechanics in modern technology?,"Quantum mechanics is crucial for the development of technologies such as quantum computers, quantum cryptography, and quantum sensors, which exploit quantum phenomena like superposition and entanglement."
QMP2,How has quantum mechanics influenced new fields of study?,"Quantum mechanics has led to the creation of entirely new fields such as quantum information theory and quantum thermodynamics, expanding our understanding and technological capabilities."
QMP3,What advancements have quantum science research brought to other scientific domains?,"Research in quantum science has developed novel mathematical and computational tools that are applicable to domains such as condensed matter physics, statistical mechanics, and cosmology."
QMP4,What are the potential societal impacts of advancements in quantum technologies?,"Advancements in quantum technologies promise to revolutionize sectors like computing, security, and measurement, potentially leading to technological overhauls comparable to major industrial revolutions."
QMP5,How do quantum phenomena underpin emerging technological innovations?,"Quantum phenomena like entanglement and superposition are harnessed to improve computing speeds, security encryption methods, and sensor sensitivities beyond classical limits."
QMP6,What role do technology giants play in the advancement of quantum technologies?,"Technology giants such as Google, IBM, and Microsoft are instrumental in driving forward the development and commercialization of quantum technologies, aiming to integrate them into everyday use."
QMP7,What are the fundamental questions about quantum mechanics that remain open?,"Despite its success, fundamental questions about the interpretation of quantum mechanics, such as the nature of wavefunction collapse and quantum randomness, remain unresolved."
QMP8,How does exploring quantum mechanics contribute to theoretical physics?,"Exploring quantum mechanics helps in understanding fundamental principles that govern the universe, potentially leading to breakthroughs in black hole physics and the unification of quantum mechanics with general relativity."
QMP9,What experimental advances have been made in verifying quantum theory?,"Recent experimental advances include using satellite-based systems for quantum communication and entanglement distribution over long distances, providing practical tests of quantum theory."
QMP10,What future developments are anticipated in quantum technology?,"Future developments in quantum technology may include the realization of a fully operational quantum internet, advanced quantum computers, and topological quantum computing, offering more secure and efficient processing capabilities."
