Question ID,Question,Answer
QTP1,What are the main components used in quantum networks for teleportation?,Quantum networks typically use nodes containing quantum bits like NV centers in diamond and employ entanglement swapping protocols for teleportation between non-neighbouring nodes.
QTP2,How is entanglement established between distant nodes in a quantum network?,"Entanglement is established using protocols like entanglement swapping, where entanglement is first created between neighboring nodes and then extended across the network via intermediate nodes."
QTP3,What role does the Bell-state measurement (BSM) play in quantum teleportation?,"The BSM is crucial in quantum teleportation as it is used to project the state of two qubits into one of the entangled Bell states, facilitating the transfer of quantum information without physical movement of the qubit."
QTP4,Why is quantum teleportation considered advantageous over traditional communication methods in quantum networks?,"Quantum teleportation is advantageous because it allows the transfer of quantum information with high fidelity over potentially long distances, regardless of loss in the connecting channels."
QTP5,What innovations have improved the fidelity and reliability of quantum teleportation?,"Innovations such as improved qubit readout procedures, active memory qubit protection during entanglement generation, and tailored heralding techniques have significantly enhanced the fidelity and reliability of quantum teleportation."
QTP6,What challenges are associated with extending quantum teleportation beyond directly connected nodes?,Extending teleportation beyond directly connected nodes presents challenges such as maintaining long coherence times and dealing with the complexity of synchronizing operations across multiple nodes.
QTP7,How do memory qubits contribute to the process of quantum teleportation in a network?,"Memory qubits store quantum states during the teleportation process, aiding in preserving entanglement and synchronizing timing for successful teleportation across the network."
QTP8,What are potential future applications of quantum teleportation in quantum networks?,"Future applications include the development of a quantum internet that supports highly secure communications, distributed quantum computing, and enhanced metrology."
QTP9,How does real-time feed-forward impact the process of quantum teleportation?,"Real-time feed-forward involves immediate corrections based on the outcome of the BSM, crucial for achieving high fidelity in the final teleported state by compensating for detected errors instantly."
QTP10,What technical advancements are needed to realize efficient quantum teleportation between non-neighbouring nodes?,"Advancements such as the development of more efficient quantum repeaters, improvements in qubit coherence times, and more reliable entanglement generation methods are necessary to realize efficient quantum teleportation over larger networks."
