Question ID,Question,Answer
VAR1,What is the focus of variance-based sensitivity analysis in quantum memory?,"Variance-based sensitivity analysis in quantum memory focuses on understanding how memory efficiency is affected by experimental fluctuations and drift in memory parameters, helping optimize performance in realistic conditions."
VAR2,What does Λ-type quantum memory refer to?,"Λ-type quantum memory refers to a quantum memory system utilizing a three-level atomic configuration shaped like the Greek letter Λ, commonly used for storing and manipulating quantum information via photonic states."
VAR3,Why are control field parameters crucial in Λ-type quantum memory systems?,"Control field parameters in Λ-type quantum memory systems are crucial because they determine the interactions between light and atomic states, directly affecting the memory's efficiency and its ability to accurately retrieve stored quantum information."
VAR4,How does shot-to-shot fluctuation impact quantum memory performance?,"Shot-to-shot fluctuations impact quantum memory by causing variations in memory performance from one operation to the next, potentially degrading the reliability and efficiency of the quantum memory system."
VAR5,What role does the optical control field play in the memory interaction?,"The optical control field in quantum memory systems modulates the atomic states and facilitates the desired interaction between the light and the atoms, crucial for storing and retrieving quantum information effectively."
VAR6,How do longer timescale drifts affect quantum memory?,"Longer timescale drifts in quantum memory affect the stability and accuracy of the memory system by gradually altering the optimal settings of control parameters, which can lead to reduced efficiency and fidelity over time."
VAR7,What is the significance of memory sensitivity analysis?,"Memory sensitivity analysis is significant as it helps identify which parameters of the quantum memory are most prone to affecting its performance, allowing for better control and stabilization of the memory system in practical applications."
VAR8,What experimental techniques are used to analyze memory sensitivity?,Experimental techniques for analyzing memory sensitivity typically involve measuring the variations in memory performance due to deliberate changes or natural fluctuations in key memory parameters.
VAR9,How does the Gaussian control field relate to memory performance?,"The Gaussian control field relates to memory performance by shaping the temporal profile of the control pulses used in the system, which affects how quantum information is processed and stored within the memory."
VAR10,What practical ramifications do the findings on quantum memory sensitivity have?,"The practical ramifications of findings on quantum memory sensitivity include improved designs and operational protocols for quantum memory systems, enhancing their robustness and reliability in quantum computing and communication applications."
